crhealth.mysql.orchestra,crhealth,cr.health.harvard.edu,crhealthweb,
dev.a.o2mariadb,devbioplex_alphafold,?,?,?
dev.a.o2mariadb,devcromwellcc,?,?,?
dev.a.o2mariadb,devdmf24test,?,?,?
dev.a.o2mariadb,devnhpdata,dev.nhpdata.med.harvard.edu,devnhpdataweb,dev.mysql.orchestra
dev.a.o2mariadb,performance_schema,?,?,?
dev.a.o2mariadb,stagenhpdata,stage.nhpdata.med.harvard.edu,stagenhpdataweb,stage.mysql.orchestra
dev.a.o2mariadb,test,?,?,?
dev.mysql.orchestra,affinity,affinity.med.harvard.edu,affinityweb,mysql.orchestra
dev.mysql.orchestra,alb15devorchestraweb,alb15.dev.orchestraweb.med.harvard.edu,alb15devorchweb,
dev.mysql.orchestra,backup,?,?,?
dev.mysql.orchestra,bam9devforums,bam9.dev.forums.hms.harvard.edu,bam9devforumsweb,
dev.mysql.orchestra,bam9devi2b2,bam9.dev.www.i2b2.org,bam9devi2b2web,
dev.mysql.orchestra,cbdmdata_microarray,?,?,?
dev.mysql.orchestra,cbdmdata_rnaseq,?,?,?
dev.mysql.orchestra,clp3devhealth,clp3.dev.www.health.harvard.edu,clp3dhdrupaladm,
dev.mysql.orchestra,dbk6devforums,dbk6.dev.forums.hms.harvard.edu,dbk6devforumsweb,
dev.mysql.orchestra,ddh4devorchestra,?,?,?
dev.mysql.orchestra,devBDTNP,?,?,?
dev.mysql.orchestra,devaca,dev.aca.hms.harvard.edu,devacawpadm,dev.mysql.cl.med.harvard.edu
dev.mysql.orchestra,devacornworm,dev.acornworm.med.harvard.edu,devacornwormweb,
dev.mysql.orchestra,devadna,dev.reichdna.hms.harvard.edu,devreichdnaweb,
dev.mysql.orchestra,devakl_cosmos,?,?,?
dev.mysql.orchestra,devalmosteffect,dev.www.thealmosteffect.com,devalmstfctwpadm,
dev.mysql.orchestra,devalpertprize,dev.alpertprize.hms.harvard.edu,devalptpzmachadm,
dev.mysql.orchestra,devalumni,dev.alumni.hms.harvard.edu,devalumniweb,
dev.mysql.orchestra,devammo,?,?,?
dev.mysql.orchestra,devart,dev.art.hms.harvard.edu,devartadm,
dev.mysql.orchestra,devascore,dev.ascore.med.harvard.edu,devascoreweb,
dev.mysql.orchestra,devauthbroker,dev.authbroker.hms.harvard.edu,devauthbrokerweb,
dev.mysql.orchestra,devautismconsortium,dev.www.autismconsortium.org,devautismweb,
dev.mysql.orchestra,devautworks,dev.autworks.hms.harvard.edu,devawksrailsadm,
dev.mysql.orchestra,devbcl,dev.bcl.med.harvard.edu,devbclmoodleadm,
dev.mysql.orchestra,devbecklab_apps,dev.becklab-apps.hms.harvard.edu,devbeckappsweb,
dev.mysql.orchestra,devbid,?,?,?
dev.mysql.orchestra,devbigslide,dev.bigslide.hms.harvard.edu,devbigslideweb,
dev.mysql.orchestra,devbiomedhpc2008,dev.biomedhpc2008.med.harvard.edu,devbiomed2008web,
dev.mysql.orchestra,devblinkcountway,dev.blink.countway.harvard.edu,devblinkcwyweb,
dev.mysql.orchestra,devbp85,?,?,?
dev.mysql.orchestra,devbpfbugs,dev.bpfbugs.med.harvard.edu,devbpfbugsweb,
dev.mysql.orchestra,devbscp,dev.www.bscp.org,devbscpadm,
dev.mysql.orchestra,devcalgacus,dev.calgacus.hms.harvard.edu,devcalgacusweb,
dev.mysql.orchestra,devcardiacmr,dev.cardiacmr.hms.harvard.edu,devcardimrwpadm,dev.mysql.cl.med.harvard.edu
dev.mysql.orchestra,devcarman,dev.carman.hms.harvard.edu,devcarmanweb,
dev.mysql.orchestra,devcatalyst,dev.catalyst.harvard.edu,orchestra_catalyst,gal.med.harvard.edu
dev.mysql.orchestra,devcbdmdata,dev.cbdmdata.hms.harvard.edu~,devcbdmdataweb,
dev.mysql.orchestra,devcbmi,?,?,?
dev.mysql.orchestra,devccc,dev.ccc.hms.harvard.edu,devcccdpladm,
dev.mysql.orchestra,devcdpcenter,dev.www.cdpcenter.org,devcdpcenterweb,
dev.mysql.orchestra,devcede,?,?,?
dev.mysql.orchestra,devcellnet,dev.cellnet.hms.harvard.edu,devcellnetweb,
dev.mysql.orchestra,devchaikoflab,dev.chaikoflab.hms.harvard.edu,devchkoflabwpadm,
dev.mysql.orchestra,devchge,dev.chge.med.harvard.edu,devchgedpladm,
dev.mysql.orchestra,devchurchman_htsdata,?,?,?
dev.mysql.orchestra,devciopen,dev.ci.open.med.harvard.edu,devciopncfladm,
dev.mysql.orchestra,devclarity,dev.clarity.hms.harvard.edu,devclrtydpladm,
dev.mysql.orchestra,devcmerss,dev.cme-rss.hms.harvard.edu,devcmerssdpladm,
dev.mysql.orchestra,devcnlp,dev.cnlp.hms.harvard.edu,devcnlpmwadm,
dev.mysql.orchestra,devcohenlab,dev.cohenlab.hms.harvard.edu,devcohenlabadm,
dev.mysql.orchestra,devcommunity,dev.community.hms.harvard.edu,devcommntydpladm,dev.mysql.cl.med.harvard.edu
dev.mysql.orchestra,devcommunityvalues,dev.communityvalues.hms.harvard.edu,devcommvaladm,
dev.mysql.orchestra,devcoms,dev.coms.hms.harvard.edu,devcomsdpladm,dev.mysql.cl.med.harvard.edu
dev.mysql.orchestra,devconnecttoresearch,dev.www.connecttoresearch.org,devctrrailsadm,
dev.mysql.orchestra,devcontributioncountway,dev.contribution.countway.harvard.edu,devcntrcwyadm,
dev.mysql.orchestra,devconvergeresearch,dev.convergeresearch.hms.harvard.edu,devcnvrgresadm,
dev.mysql.orchestra,devcorehsdm,dev.core.hsdm.harvard.edu,devcorehsdmweb,
dev.mysql.orchestra,devcoreinternalbilling,dev.core-internal-billing.hms.harvard.edu,devcoreintbladm,
dev.mysql.orchestra,devcoreworld,dev.coreworld.med.harvard.edu,devcoreworldweb,
dev.mysql.orchestra,devcorey,dev.corey.med.harvard.edu,devcoreyweb,
dev.mysql.orchestra,devcosmosgp,dev.cosmos-gp.hms.harvard.edu,devcosmosgpweb,
dev.mysql.orchestra,devcosmosjh,?,?,?
dev.mysql.orchestra,devcosmosys,?,?,?
dev.mysql.orchestra,devcrhealth,dev.cr.health.harvard.edu,devcrhealthweb,dev.crhealth.mysql.orchestra
dev.mysql.orchestra,devcrispr,dev.crispr.med.harvard.edu,devcrisprweb,
dev.mysql.orchestra,devcrispro,dev.crispro.med.harvard.edu~,devcrisproweb,
dev.mysql.orchestra,devcromwellcc,?,?,?
dev.mysql.orchestra,devcrossresistome,dev.crossresistome.hms.harvard.edu,devcrossresweb,
dev.mysql.orchestra,devcrowdcbmi,dev.crowd.cbmi.med.harvard.edu,devcrowdcbmiweb,dev.mysql.cl.med.harvard.edu
dev.mysql.orchestra,devcsb2,dev.www.csb2.org,devcsb2web,
dev.mysql.orchestra,devcsgnq,dev.csg-nq.hms.harvard.edu,devcsgnqweb,
dev.mysql.orchestra,devctscintranet,dev.ctsc-intranet.hms.harvard.edu,devctscintdrladm,
dev.mysql.orchestra,devcvbr,dev.cvbr.hms.harvard.edu,devcvbrweb,
dev.mysql.orchestra,devdaleystem,dev.daleystem.hms.harvard.edu,devdlystmweb,dev.mysql.cl.med.harvard.edu
dev.mysql.orchestra,devdbmi,dev.dbmi.hms.harvard.edu,devdbmiadm,
dev.mysql.orchestra,devdepace,?,?,?
dev.mysql.orchestra,devdistinguishedawards,dev.distinguishedawards.hms.harvard.edu,devdstawdpladm,
dev.mysql.orchestra,devdjtest,?,?,?
dev.mysql.orchestra,devdmf24db,dev.dmf24.dev.orchestraweb.med.harvard.edu,devdmf24dbweb,
dev.mysql.orchestra,devdmsbulletin,dev.dmsbulletin.hms.harvard.edu,devdmsblltnweb,
dev.mysql.orchestra,devdmsis,dev.dmsis.hms.harvard.edu,devdmsisweb,
dev.mysql.orchestra,devdropseq,dev.dropseq.hms.harvard.edu,devdropseqadm,
dev.mysql.orchestra,devdrsc_tm_literature,?,?,?
dev.mysql.orchestra,devetz,dev.etz.hms.harvard.edu,devetzweb,dev.mysql.cl.med.harvard.edu
dev.mysql.orchestra,devevcomplex,dev.evcomplex.med.harvard.edu,devevcomplexweb,
dev.mysql.orchestra,devevcouplings2,dev.evcouplings2.med.harvard.edu~,devevcouplings2web,
dev.mysql.orchestra,devfa,dev.www.fa.hms.harvard.edu,devfawpadm,dev.mysql.cl.med.harvard.edu
dev.mysql.orchestra,devfast,dev.fast.hms.harvard.edu,devfastadm,
dev.mysql.orchestra,devflyenhancer,dev.flyenhancer.hms.harvard.edu,devflyenhncrweb,
dev.mysql.orchestra,devflyrnai,dev.www.gene2function.org,devgene2fctnweb,
dev.mysql.orchestra,devfna,?,?,?
dev.mysql.orchestra,devfontana,dev.fontana.med.harvard.edu,devfontanaweb,
dev.mysql.orchestra,devforums,dev.forums.hms.harvard.edu,devforumsweb,
dev.mysql.orchestra,devfrancis,dev.francis.hms.harvard.edu,devfrancisweb,
dev.mysql.orchestra,devfvforms,dev.fvforms.hms.harvard.edu,devfvformsweb,
dev.mysql.orchestra,devgbrowse,?,?,?
dev.mysql.orchestra,devgbrowse_169_int,dev.gbrowse.hms.harvard.edu,devgbrowseweb,
dev.mysql.orchestra,devgbrowse_dper13,?,?,?
dev.mysql.orchestra,devgbrowse_dpse23,test.www.flyrnai.org,devflyrnaiweb,
dev.mysql.orchestra,devgbrowse_dvir12,?,?,?
dev.mysql.orchestra,devgbrowse_fly513,?,?,?
dev.mysql.orchestra,devgc55,?,?,?
dev.mysql.orchestra,devgc55orchestra,gc55.dev.orchestraweb.med.harvard.edu,devgc55drupaladm,
dev.mysql.orchestra,devgedi,dev.gedi.hms.harvard.edu,devgediweb,
dev.mysql.orchestra,devgediwyss,dev.gedi.wyss.harvard.edu,devgediwyssweb,
dev.mysql.orchestra,devgenetics,dev.genetics.med.harvard.edu,devgeneticsadm,
dev.mysql.orchestra,devgenomicpathology,dev.genomicpathology.hms.harvard.edu,devgenpathdpladm,dev.mysql.cl.med.harvard.edu
dev.mysql.orchestra,devgenotator,dev.v1.genotator.hms.harvard.edu,devgenotatorweb,
dev.mysql.orchestra,devgentb,dev.gentb.hms.harvard.edu,devgentbweb,
dev.mysql.orchestra,devghsm,dev.ghsm.hms.harvard.edu,devghsmexpengadm,
dev.mysql.orchestra,devgive,dev.give.hms.harvard.edu,devgiveweb,
dev.mysql.orchestra,devgo,?,?,?
dev.mysql.orchestra,devgtbdr,?,?,?
dev.mysql.orchestra,devharper,dev.harper.hms.harvard.edu,devharperweb,
dev.mysql.orchestra,devhcpdua,dev.hcp-dua.hms.harvard.edu,devhcpduadrpladm,
dev.mysql.orchestra,devhealth_books,dev.www.harvardhealthbooks.org,devhealthbksweb,
dev.mysql.orchestra,devhealthnlp,dev.healthnlp.hms.harvard.edu,devhealthnlpadm,
dev.mysql.orchestra,devhealthysleep,dev.healthysleep.med.harvard.edu,devhealthyslpweb,
dev.mysql.orchestra,devhiggins,?,?,?
dev.mysql.orchestra,devhits,dev.hits.harvard.edu,devhitsweb,
dev.mysql.orchestra,devhms,dev.hms.harvard.edu,devhmsdpladm,
dev.mysql.orchestra,devhnl,dev.hnl.hms.harvard.edu,devhnlwpadm,
dev.mysql.orchestra,devhugenalysis,dev.hugenalysis.hms.harvard.edu,devhugenalysisweb,dev.pgsql.orchestra
dev.mysql.orchestra,devhuns,dev.huns.med.harvard.edu,devhunsweb,
dev.mysql.orchestra,devhvo,dev.hvo.med.harvard.edu,devhvoweb,
dev.mysql.orchestra,devi2b2,dev.www.i2b2.org,devi2b2web,
dev.mysql.orchestra,deviccb,dev.iccb.med.harvard.edu,deviccbwpadm,
dev.mysql.orchestra,devidc,dev.idc.hms.harvard.edu,devidcadm,
dev.mysql.orchestra,devieggate,?,?,?
dev.mysql.orchestra,devimid,dev.imid.med.harvard.edu,devimidweb,
dev.mysql.orchestra,devimmgen,dev.www.immgen.org,devimmgenweb,dev.mysql.cl.med.harvard.edu
dev.mysql.orchestra,devimmunology,dev.immunology.hms.harvard.edu,"uid=hms-immunology,ou=applications,o=Harvard",hu-ldap-test.harvard.edu
dev.mysql.orchestra,devimmvar,dev.www.immvar.org,devimmvarweb,dev.mysql.cl.med.harvard.edu
dev.mysql.orchestra,devinformaticstraining,dev.informaticstraining.hms.harvard.edu,devinftrdpladm,dev.mysql.cl.med.harvard.edu
dev.mysql.orchestra,devinternalalumnidirectory,dev.internal-alumni-directory.hms.harvard.edu,devintalumdiradm,
dev.mysql.orchestra,devinternalautismconsortium,dev.internal.autismconsortium.org,devintacweb,
dev.mysql.orchestra,devintranetsysbio,?,?,?
dev.mysql.orchestra,devjcj15,?,?,?
dev.mysql.orchestra,devjirai2b2,dev.jira.i2b2.org,devjirai2b2adm,
dev.mysql.orchestra,devjoshi,dev.joshi.hms.harvard.edu,devjoshiadm,
dev.mysql.orchestra,devkiefflab,dev.kiefflab.hms.harvard.edu,devkiefflabweb,
dev.mysql.orchestra,devkirschner,?,?,?
dev.mysql.orchestra,devkirschner_superfamily,?,?,?
dev.mysql.orchestra,devkishony,dev.kishony.med.harvard.edu,devkishonyadm,
dev.mysql.orchestra,devklab_mz,dev.kirschner.med.harvard.edu,devklab_mzweb,
dev.mysql.orchestra,devlccb,dev.lccb.hms.harvard.edu,devlccbweb,
dev.mysql.orchestra,devlgbt,dev.lgbt.hms.harvard.edu,devlgbtwpadm,
dev.mysql.orchestra,devlimswyss,dev.lims.wyss.harvard.edu,devlimswyssweb,
dev.mysql.orchestra,devlincs,dev.lincs.hms.harvard.edu,devlincsweb,dev.pgsql.orchestra
dev.mysql.orchestra,devlivingstone,dev.livingstone.med.harvard.edu,devlvngstoneadm,
dev.mysql.orchestra,devlivingstone_behavioral,?,?,?
dev.mysql.orchestra,devlmsa,dev.lmsa.hms.harvard.edu,devlmsaadm,
dev.mysql.orchestra,devlpm,dev.lpm.hms.harvard.edu,devlpmdrupaladm,
dev.mysql.orchestra,devmae,dev.mae.hms.harvard.edu,devmaeweb,
dev.mysql.orchestra,devmami,dev.mami.med.harvard.edu,devmamiweb,
dev.mysql.orchestra,devmarker,dev.marker.hms.harvard.edu,devmarkerweb,
dev.mysql.orchestra,devmarks,?,?,?
dev.mysql.orchestra,devmarks_dragon,?,?,?
dev.mysql.orchestra,devmarks_drugtargets,?,?,?
dev.mysql.orchestra,devmedethics,dev.medethics.med.harvard.edu,devmedethicsweb,
dev.mysql.orchestra,devmedpeds,dev.medpeds.hms.harvard.edu,devmedpedsadm,
dev.mysql.orchestra,devmegason,dev.megason.med.harvard.edu,devmegasonweb,
dev.mysql.orchestra,devmercury,?,?,?
dev.mysql.orchestra,devmercury2,dev.mercury.med.harvard.edu,devmercury2web,
dev.mysql.orchestra,devmfdp,dev.mfdp.med.harvard.edu,devmfdpadm,
dev.mysql.orchestra,devmfk8,?,?,?
dev.mysql.orchestra,devmghbwhid,dev.mghbwhid.hms.harvard.edu,devmghbwhidadm,
dev.mysql.orchestra,devmhlcountway,dev.mhl.countway.harvard.edu,devmhlcwyweb,
dev.mysql.orchestra,devmiRBase_20_sl325,?,?,?
dev.mysql.orchestra,devmicrofluidics,dev.microfluidics.hms.harvard.edu,devmicrofldcsweb,
dev.mysql.orchestra,devmobilehealthmap,dev.www.mobilehealthmap.org,devmoblhmapadm,
dev.mysql.orchestra,devmolmed,dev.molmed.med.harvard.edu,devmolmedweb,
dev.mysql.orchestra,devmtbsummaries,?,?,?
dev.mysql.orchestra,devmydrug,dev.mydrug.med.harvard.edu,devmydrugweb,
dev.mysql.orchestra,devmyhealthconnect,dev.myhealthconnect.hms.harvard.edu,devmyhlthcadm,
dev.mysql.orchestra,devnetdecoder,dev.netdecoder.hms.harvard.edu,devnetdecoderweb,
dev.mysql.orchestra,devnewcountway,?,?,?
dev.mysql.orchestra,devngrid,dev.www.n-grid.org,devngridadm,
dev.mysql.orchestra,devnhpdata,dev.nhpdata.med.harvard.edu,devnhpdataweb,
dev.mysql.orchestra,devnif,dev.nif.hms.harvard.edu,devnifadm,
dev.mysql.orchestra,devopenproposals,dev.open-proposals.hms.harvard.edu,devopenpropadm,
dev.mysql.orchestra,devopentech,dev.opentech.hms.harvard.edu,devopentechadm,
dev.mysql.orchestra,devorchestra,?,?,?
dev.mysql.orchestra,devosrpcom,dev.osrp-com.hms.harvard.edu,devosrpcomdpladm,
dev.mysql.orchestra,devparklabwikidbmi,dev.parklabwiki.dbmi.hms.harvard.edu,devpklbwkiadm,
dev.mysql.orchestra,devpasteur,dev.www.pasteur.harvard.edu,devpasteurweb,
dev.mysql.orchestra,devpchri,dev.www.pchri.org,devpchriweb,
dev.mysql.orchestra,devpeh,dev.peh.harvard.edu,devpehweb,
dev.mysql.orchestra,devpged,dev.www.pged.org,devpgedwpadm,
dev.mysql.orchestra,devphsi,dev.www.phsi.harvard.edu,devphsiweb,
dev.mysql.orchestra,devpicsure,dev.www.pic-sure.org,devpicsureadm,
dev.mysql.orchestra,devpipeline,dev.pipeline.med.harvard.edu,devpipelinemwadm,
dev.mysql.orchestra,devpiwik,dev.piwik.med.harvard.edu,devpiwikweb,
dev.mysql.orchestra,devpj51,?,?,?
dev.mysql.orchestra,devpmr,dev.pmr.hms.harvard.edu,devpmrweb,
dev.mysql.orchestra,devpopupcontest,dev.popupcontest.wyss.harvard.edu,devpopupcntstadm,
dev.mysql.orchestra,devprompt,dev.prompt.hms.harvard.edu,devpromptadm,
dev.mysql.orchestra,devrc57,dev.rc57.hms.harvard.edu,devrc57web,
dev.mysql.orchestra,devregan,dev.regan.med.harvard.edu,devreganweb,
dev.mysql.orchestra,devrepoopen,dev.repo.open.med.harvard.edu,devrpopncfladm,
dev.mysql.orchestra,devroundup_drupal,?,?,?
dev.mysql.orchestra,devrstatsimmgen,dev.rstats.immgen.org,devrsimmgenweb,
dev.mysql.orchestra,devsafegene,dev.safegene.hms.harvard.edu,devsafegeneweb,
dev.mysql.orchestra,devsb201,dev.sb201.sysbio.med.harvard.edu,devsb201wpadm,
dev.mysql.orchestra,devsb212,dev.sb212.sysbio.med.harvard.edu,devsb212wpadm,
dev.mysql.orchestra,devsbhd2016,dev.www.sbhd2016.org,devsbhd2016web,
dev.mysql.orchestra,devschedule,dev.schedule.med.harvard.edu,devscheduleweb,
dev.mysql.orchestra,devscrb,dev.www.scrb.harvard.edu,devscrbdrupaladm,
dev.mysql.orchestra,devsearchcbmi,dev.search.cbmi.med.harvard.edu,devsrchcbmiweb,
dev.mysql.orchestra,devseidman_medseq,?,?,?
dev.mysql.orchestra,devseidscript,dev.seidman.med.harvard.edu,devseidmanweb,
dev.mysql.orchestra,devsemanticbiology,dev.www.semanticbiology.com,devsmtcbiodpladm,
dev.mysql.orchestra,devshield,dev.shield.hms.harvard.edu,devshieldweb,
dev.mysql.orchestra,devsilver,dev.silver.med.harvard.edu,devsilveradm,
dev.mysql.orchestra,devsimulation,dev.simulation.hms.harvard.edu,devsimultnwpadm,
dev.mysql.orchestra,devsinglecellnetwork,dev.www.singlecellnetwork.org,devsnglclnkadm,
dev.mysql.orchestra,devsleep,dev.sleep.med.harvard.edu,devsleepweb,
dev.mysql.orchestra,devsoco,dev.soco.med.harvard.edu,devsocoadm,
dev.mysql.orchestra,devsorger,dev.sorger.med.harvard.edu,devsorgerweb,
dev.mysql.orchestra,devspringer,dev.springer.hms.harvard.edu,devspringerwpadm,
dev.mysql.orchestra,devsts,dev.sts.med.harvard.edu,devstsweb,
dev.mysql.orchestra,devstudentcouncil,dev.studentcouncil.hms.harvard.edu,devstudentcnlweb,
dev.mysql.orchestra,devsu2c,dev.su2c.hms.harvard.edu,devsu2cwpadm,
dev.mysql.orchestra,devswat,dev.swat.hms.harvard.edu,devswatdpladm,
dev.mysql.orchestra,devsysbiohub,dev.sysbiohub.med.harvard.edu,devsysbiohubweb,
dev.mysql.orchestra,devsystemsbioconference,dev.www.systemsbioconference.org,devsysbioconfweb,
dev.mysql.orchestra,devtestscript,?,?,?
dev.mysql.orchestra,devtestscrpt2,?,?,?
dev.mysql.orchestra,devtestscrpt3,?,?,?
dev.mysql.orchestra,devtestscrpt4,?,?,?
dev.mysql.orchestra,devtmpalb15,?,?,?
dev.mysql.orchestra,devtranslocalt,dev.transloc-alt.hms.harvard.edu,devtrnslcrailadm,
dev.mysql.orchestra,devtranslocatome,?,?,?
dev.mysql.orchestra,devtrending,dev.trending.med.harvard.edu,devtrendingweb,
dev.mysql.orchestra,devumls2011,?,?,?
dev.mysql.orchestra,devusagecountway,dev.usage.countway.harvard.edu,devusagecwyweb,
dev.mysql.orchestra,devvidautw,?,?,?
dev.mysql.orchestra,devvidautworks,dev.vid.autworks.hms.harvard.edu,devvidautwweb,dev.mysql.cl.med.harvard.edu
dev.mysql.orchestra,devvpscbmi,dev.vps.cbmi.med.harvard.edu,devvpscbmiweb,
dev.mysql.orchestra,devwall,dev.wall.hms.harvard.edu,devwalldrupaladm,
dev.mysql.orchestra,devwalsh,?,?,?
dev.mysql.orchestra,devwanner,dev.wanner.hms.harvard.edu,devwanneradm,
dev.mysql.orchestra,devwikii2b2,dev.wiki.i2b2.org,devwkii2b2cfladm,
dev.mysql.orchestra,devwyss,dev.wyss.harvard.edu,devwyssweb,
dev.mysql.orchestra,devxenopus,?,?,?
dev.mysql.orchestra,devyaolab,dev.yaolab.hms.harvard.edu,devyaolabweb,
dev.mysql.orchestra,devyin,dev.yin.hms.harvard.edu,devyinmwadm,
dev.mysql.orchestra,devyoungpearse,?,?,?
dev.mysql.orchestra,devyoungpease,?,?,?
dev.mysql.orchestra,devzavras,dev.zavras.hsdm.harvard.edu,devzavrasweb,
dev.mysql.orchestra,gjp5testorchestraweb,gjp5.test.orchestraweb.med.harvard.edu,gjp5testoweb,
dev.mysql.orchestra,htem,?,?,?
dev.mysql.orchestra,informaticstraining,informaticstraining.hms.harvard.edu,inftrdpladm,mysql.cl.med.harvard.edu
dev.mysql.orchestra,km184devcbmi,km184.dev.cbmi.med.harvard.edu,km184devcbmiweb,
dev.mysql.orchestra,ma74devi2b2,ma74.dev.www.i2b2.org,ma74devi2b2web,
dev.mysql.orchestra,mfk8devorchestraweb,mfk8.dev.orchestraweb.med.harvard.edu,mfk8devorchweb,
dev.mysql.orchestra,ms389devcbmi,ms389.dev.cbmi.med.harvard.edu,ms389devcbmiweb,
dev.mysql.orchestra,ms389devsemanticcbmi,ms389.dev.semantic.cbmi.med.harvard.edu,ms389devsmntcweb,
dev.mysql.orchestra,mydrug,mydrug.med.harvard.edu,mydrugweb,mysql.orchestra
dev.mysql.orchestra,phpmyadmin,?,?,?
dev.mysql.orchestra,rc_lmod,?,?,?
dev.mysql.orchestra,reich,?,?,?
dev.mysql.orchestra,rf61devsemanticcbmi,rf61.dev.semantic.cbmi.med.harvard.edu,rf61devsmntcweb,
dev.mysql.orchestra,sql_class,?,?,?
dev.mysql.orchestra,stagenhpdata,stage.nhpdata.med.harvard.edu,stagenhpdataweb,stage.mysql.orchestra
dev.mysql.orchestra,tb59devsemanticcbmi,tb59.dev.semantic.cbmi.med.harvard.edu,tb59dsmntcmwadm,
dev.mysql.orchestra,testcatalyst,test.catalyst.harvard.edu,orchestra_catalyst,gal.med.harvard.edu
dev.mysql.orchestra,testimmunology,test.immunology.hms.harvard.edu,"uid=hms-immunology,ou=applications,o=Harvard",hu-ldap-test.harvard.edu
dev.mysql.orchestra,testissuemakercatalyst,test.issuemaker.catalyst.harvard.edu,testissmkcstadm,
dev.mysql.orchestra,testmfdp,?,?,?
dev.mysql.orchestra,testorchestraweb,?,?,?
dev.mysql.orchestra,testprimarycare,test.primarycare.hms.harvard.edu,testpcdpladm,
dev.mysql.orchestra,testritg,?,?,?
dev.mysql.orchestra,tm58testorchestraweb,tm58.test.orchestraweb.med.harvard.edu,tm58testoweb,
dev.mysql.orchestra,tm79devi2b2,tm79.dev.www.i2b2.org,tm79devi2b2admin,
dev.mysql.orchestra,train01,?,?,?
dev.mysql.orchestra,train02,?,?,?
dev.mysql.orchestra,train03,?,?,?
dev.mysql.orchestra,train04,?,?,?
dev.mysql.orchestra,train05,?,?,?
dev.mysql.orchestra,train06,?,?,?
dev.mysql.orchestra,train07,?,?,?
dev.mysql.orchestra,train08,?,?,?
dev.mysql.orchestra,train09,?,?,?
dev.mysql.orchestra,train10,?,?,?
dev.mysql.orchestra,train11,?,?,?
dev.mysql.orchestra,train12,?,?,?
dev.mysql.orchestra,train13,?,?,?
dev.mysql.orchestra,train14,?,?,?
dev.mysql.orchestra,train15,?,?,?
dev.mysql.orchestra,train16,?,?,?
dev.mysql.orchestra,train17,?,?,?
dev.mysql.orchestra,train18,?,?,?
dev.mysql.orchestra,train19,?,?,?
dev.mysql.orchestra,train20,?,?,?
dev.mysql.orchestra,train21,?,?,?
dev.mysql.orchestra,train22,?,?,?
dev.mysql.orchestra,train23,?,?,?
dev.mysql.orchestra,train24,?,?,?
dev.mysql.orchestra,train25,?,?,?
dev.mysql.orchestra,training,?,?,?
dev.pgsql.orchestra,devrepositorycountway,dev.repository.countway.harvard.edu,devrepositorycountwayweb,
dev.pgsql.orchestra,devimmgen,dev.www.immgen.org,devimmgenweb,dev.mysql.cl.med.harvard.edu
dev.pgsql.orchestra,devomero,?,?,?
dev.pgsql.orchestra,ant4devscreensaver,ant4.dev.screensaver.med.harvard.edu,ant4devscreensaverweb,
dev.pgsql.orchestra,bar,?,?,?
dev.pgsql.orchestra,devgmod,?,?,?
dev.pgsql.orchestra,devgopharmacoresponse,dev.gopharmacoresponse.hms.harvard.edu,devgopharmacoresponseweb,
dev.pgsql.orchestra,devarraycollector,dev.arraycollector.hms.harvard.edu,devarraycollectorweb,
dev.pgsql.orchestra,devcbdm,dev.cbdm.hms.harvard.edu,devcbdmweb,
dev.pgsql.orchestra,devcmea,dev.cmea.hms.harvard.edu,devcmeaweb,
dev.pgsql.orchestra,devdecanalarchives,dev.decanalarchives.repository.countway.harvard.edu,devdecanalarchivesweb,
dev.pgsql.orchestra,devexample,?,?,?
dev.pgsql.orchestra,devomero4,?,?,?
dev.pgsql.orchestra,devmouse2,dev.mouse2.hms.harvard.edu,devmouse2web,
dev.pgsql.orchestra,devgalaxy,dev.galaxy.hms.harvard.edu,devgalaxyweb,
dev.pgsql.orchestra,devhugenalysis,dev.hugenalysis.hms.harvard.edu,devhugenalysisweb,
dev.pgsql.orchestra,devhvo,dev.hvo.med.harvard.edu,devhvoweb,dev.mysql.orchestra
dev.pgsql.orchestra,devscreendb,dev.screendb.med.harvard.edu,devscreendbweb,
dev.pgsql.orchestra,devoshernatprod,?,?,?
dev.pgsql.orchestra,devpharmacoresponse,dev.pharmacoresponse.hms.harvard.edu,devpharmacoresponseweb,
dev.pgsql.orchestra,devscreensaver,dev.screensaver.med.harvard.edu,devscreensaverweb,
dev.pgsql.orchestra,devjedi,dev.jedi.hms.harvard.edu,devjediweb,
dev.pgsql.orchestra,phppgadmin,?,?,?
dev.pgsql.orchestra,devgenehawk,dev.genehawk.hms.harvard.edu,devgenehawkweb,
dev.pgsql.orchestra,devpathcore,dev.pathcore.hms.harvard.edu,devpathcoreweb,
dev.pgsql.orchestra,devscreensaver2,dev.screensaver2.med.harvard.edu,devscreensaver2web,
dev.pgsql.orchestra,sde4devscreensaver,sde4.dev.screensaver.med.harvard.edu,sde4devscreensaverweb,
dev.pgsql.orchestra,templateritg,?,?,?
dev.pgsql.orchestra,devtestlabgalaxy,?,?,?
dev.pgsql.orchestra,devrefinery,?,?,?
dev.pgsql.orchestra,devparkrefinery,?,?,?
dev.pgsql.orchestra,devparkgalaxy,?,?,?
dev.pgsql.orchestra,devpj51,?,?,?
dev.pgsql.orchestra,devrefinerygalaxy,dev.refinery.med.harvard.edu,devrefinerygalaxyweb,
dev.pgsql.orchestra,devlincs,dev.lincs.hms.harvard.edu,devlincsweb,
dev.pgsql.orchestra,bp85_test,?,?,?
dev.pgsql96.orchestra,devdmf2496,?,?,?
dev.pgsql96.orchestra,devoaccounts,?,?,?
dev.pgsql96.orchestra,devscreensaver,dev.screensaver.med.harvard.edu,devscreensaverweb,dev.pgsql.orchestra
dev.pgsql96.orchestra,evfold_development,?,?,?
dev.pgsql96.orchestra,devscreensaver2,dev.screensaver2.med.harvard.edu,devscreensaver2web,dev.pgsql.orchestra
dev.pgsql96.orchestra,sde4,?,?,?
dev.pgsql96.orchestra,devreagenttracker,?,?,?
dev.pgsql96.orchestra,devadna2,?,?,?
dev.pgsql96.orchestra,stagescreensaver,stage.screensaver.med.harvard.edu,stagescreensaverweb,stage.pgsql.orchestra
mysql.orchestra,BDTNP,?,?,?
mysql.orchestra,CArGome_bidmc,?,?,?
mysql.orchestra,aach_jda2,?,?,?
mysql.orchestra,abeaters,?,?,?
mysql.orchestra,adna,reichdna.hms.harvard.edu,reichdnaweb,
mysql.orchestra,affinity,affinity.med.harvard.edu,affinityweb,
mysql.orchestra,almosteffect,www.thealmosteffect.com,almstfctwpadm,
mysql.orchestra,ammo,?,?,?
mysql.orchestra,ascore,ascore.med.harvard.edu,ascoreweb,
mysql.orchestra,aspera,?,?,?
mysql.orchestra,autismconsortium,www.autismconsortium.org,autismweb,
mysql.orchestra,b2g,?,?,?
mysql.orchestra,bcl,bcl.med.harvard.edu,bclmoodleadm,
mysql.orchestra,becklab_apps,becklab-apps.hms.harvard.edu,beckappsweb,
mysql.orchestra,behaviorconfig,?,?,?
mysql.orchestra,bid,?,?,?
mysql.orchestra,bmi701,bmi701.hms.harvard.edu,bmi701readweb,
mysql.orchestra,bscp,www.bscp.org,bscpadm,
mysql.orchestra,carman,carman.hms.harvard.edu,carmanweb,
mysql.orchestra,cbdmdata,cbdmdata.hms.harvard.edu~,cbdmdataweb,
mysql.orchestra,cbdmdata_microarray,?,?,?
mysql.orchestra,cbdmdata_rnaseq,?,?,?
mysql.orchestra,cbmi,?,?,?
mysql.orchestra,cbmi_bt,?,?,?
mysql.orchestra,cdpcenter,www.cdpcenter.org,cdpcenterweb,
mysql.orchestra,cede,?,?,?
mysql.orchestra,cellnet,cellnet.hms.harvard.edu,cellnetweb,
mysql.orchestra,churchman_htsdata,?,?,?
mysql.orchestra,ciopen,ci.open.med.harvard.edu,ciopncfladm,
mysql.orchestra,civicrmcountway,civicrm.countway.harvard.edu,cvrcwdpladm,mysql.cl.med.harvard.edu
mysql.orchestra,clarity,clarity.hms.harvard.edu,clrtydpladm,
mysql.orchestra,cmerss,cme-rss.hms.harvard.edu,cmerssdpladm,
mysql.orchestra,cmscatalyst,cms.catalyst.harvard.edu,cmsctrailsadm,
mysql.orchestra,cmscountway,cms.www.countway.harvard.edu,cmscwwpadm,
mysql.orchestra,cnlp,cnlp.hms.harvard.edu,cnlpmwadm,
mysql.orchestra,cohenlab,cohenlab.hms.harvard.edu,cohenlabadm,
mysql.orchestra,collectionscountway,collections.countway.harvard.edu,collcwyadm,
mysql.orchestra,communityvalues,communityvalues.hms.harvard.edu,commvaladm,
mysql.orchestra,coms,coms.hms.harvard.edu,comsdpladm,mysql.cl.med.harvard.edu
mysql.orchestra,connecttoresearch,www.connecttoresearch.org,ctrrailsadm,
mysql.orchestra,contributioncountway,contribution.countway.harvard.edu,cntrcwyadm,
mysql.orchestra,convergeresearch,convergeresearch.hms.harvard.edu,cnvrgresadm,
mysql.orchestra,corehsdm,core.hsdm.harvard.edu,corehsdmweb,
mysql.orchestra,coreinternalbilling,core-internal-billing.hms.harvard.edu,coreintbladm,
mysql.orchestra,coreworld,coreworld.med.harvard.edu,coreworldweb,
mysql.orchestra,corey,corey.med.harvard.edu,coreyweb,
mysql.orchestra,cosmos,?,?,?
mysql.orchestra,cosmos1,?,?,?
mysql.orchestra,cosmosgp,cosmos-gp.hms.harvard.edu,cosmosgpweb,
mysql.orchestra,cosmosjh,?,?,?
mysql.orchestra,cosmosys,?,?,?
mysql.orchestra,countway,www.countway.harvard.edu,hms-countway,hu-ldap.harvard.edu
mysql.orchestra,crap,?,?,?
mysql.orchestra,crhealth,cr.health.harvard.edu,crhealthweb,crhealth.mysql.orchestra
mysql.orchestra,crispr,crispr.med.harvard.edu,crisprweb,
mysql.orchestra,crispro,crispro.med.harvard.edu,crisproweb,
mysql.orchestra,crossresistome,crossresistome.hms.harvard.edu,crossresweb,
mysql.orchestra,crowdcbmi,crowd.cbmi.med.harvard.edu,crowdcbmiweb,mysql.cl.med.harvard.edu
mysql.orchestra,csb2,www.csb2.org,csb2web,
mysql.orchestra,ctscintranet,ctsc-intranet.hms.harvard.edu,ctscintweb,
mysql.orchestra,cvbr,cvbr.hms.harvard.edu,cvbrweb,
mysql.orchestra,daleystem,daleystem.hms.harvard.edu,dlystmweb,mysql.cl.med.harvard.edu
mysql.orchestra,dbmi,dbmi.hms.harvard.edu,dbmiadm,
mysql.orchestra,depace,?,?,?
mysql.orchestra,devbwhmghid,dev.bwhmghid.hms.harvard.edu,devbwhmghidadm,dev.mysql.orchestra
mysql.orchestra,devmae,dev.mae.hms.harvard.edu,devmaeweb,dev.mysql.orchestra
mysql.orchestra,devmarker,dev.marker.hms.harvard.edu,devmarkerweb,dev.mysql.orchestra
mysql.orchestra,devpostdocs,dev.postdocs.hms.harvard.edu,devpostdocsadm,dev.mysql.orchestra
mysql.orchestra,distinguishedawards,distinguishedawards.hms.harvard.edu,dstawdpladm,
mysql.orchestra,dmf24db,dmf24.dev.orchestraweb.med.harvard.edu,dmf24dbweb,
mysql.orchestra,dmsbulletin,dmsbulletin.hms.harvard.edu,dmsblltnweb,
mysql.orchestra,dmsis,dmsis.hms.harvard.edu,dmsisweb,
mysql.orchestra,dropseq,dropseq.hms.harvard.edu,dropseqadm,
mysql.orchestra,drsc_tm_literature,?,?,?
mysql.orchestra,ecodetector,?,?,?
mysql.orchestra,etz,etz.hms.harvard.edu,etzweb,mysql.cl.med.harvard.edu
mysql.orchestra,evcomplex,evcomplex.med.harvard.edu~,evcomplexweb,
mysql.orchestra,evcouplings2,?,?,?
mysql.orchestra,evlcatalyst,evl.catalyst.harvard.edu,evlctlstadm,
mysql.orchestra,fa,www.fa.hms.harvard.edu,fawpadm,mysql.cl.med.harvard.edu
mysql.orchestra,flyenhancer,flyenhancer.hms.harvard.edu,flyenhncrweb,
mysql.orchestra,flyrnai,www.gene2function.org,gene2fctnweb,
mysql.orchestra,fna,?,?,?
mysql.orchestra,fontana,fontana.med.harvard.edu,fontanaweb,
mysql.orchestra,forums,forums.hms.harvard.edu,forumsweb,
mysql.orchestra,francis,francis.hms.harvard.edu,francisweb,
mysql.orchestra,fvforms,fvforms.hms.harvard.edu,fvformsweb,
mysql.orchestra,gbrowse,?,?,?
mysql.orchestra,gbrowse_169_int,gbrowse.hms.harvard.edu,gbrowseweb,
mysql.orchestra,gbrowse_dper13,?,?,?
mysql.orchestra,gbrowse_dpse23,www.flyrnai.org,flyrnaiweb,
mysql.orchestra,gbrowse_dvir12,?,?,?
mysql.orchestra,gbrowse_fly513,?,?,?
mysql.orchestra,gbrowse_gbdmodencode,?,?,?
mysql.orchestra,gedi,gedi.hms.harvard.edu,gediweb,
mysql.orchestra,gediwyss,gedi.wyss.harvard.edu,gediwyssweb,
mysql.orchestra,gencode,?,?,?
mysql.orchestra,genetics,genetics.med.harvard.edu,geneticsadm,
mysql.orchestra,genomicpathology,genomicpathology.hms.harvard.edu,genpathdpladm,mysql.cl.med.harvard.edu
mysql.orchestra,genotator,v1.genotator.hms.harvard.edu,genotatorweb,
mysql.orchestra,gentb,gentb.hms.harvard.edu,gentbweb,
mysql.orchestra,ghsm,ghsm.hms.harvard.edu,ghsmexpengadm,
mysql.orchestra,give,give.hms.harvard.edu,giveweb,
mysql.orchestra,go,?,?,?
mysql.orchestra,grantscatalyst,grants.catalyst.harvard.edu,gtsctlstweb,
mysql.orchestra,gtbdr,?,?,?
mysql.orchestra,harper,harper.hms.harvard.edu,harperweb,
mysql.orchestra,harvardmedvane,harvard.medvane.org,hmvrailsadm,
mysql.orchestra,harvardprostateknowledge,?,?,?
mysql.orchestra,harvey_datajoint_jg319,?,?,?
mysql.orchestra,harvey_np123,?,?,?
mysql.orchestra,hcpdua,hcp-dua.hms.harvard.edu,hcpduadrpladm,
mysql.orchestra,health_books,www.harvardhealthbooks.org,healthbksweb,
mysql.orchestra,healthnlp,healthnlp.hms.harvard.edu,healthnlpadm,
mysql.orchestra,healthysleep,healthysleep.med.harvard.edu,healthyslpweb,
mysql.orchestra,higgins,?,?,?
mysql.orchestra,hits,hits.harvard.edu,hitsweb,
mysql.orchestra,hnl,hnl.hms.harvard.edu,hnlwpadm,
mysql.orchestra,htem,?,?,?
mysql.orchestra,hugenalysis,hugenalysis.hms.harvard.edu,hugenalysisweb,pgsql.orchestra
mysql.orchestra,huns,huns.med.harvard.edu,hunsweb,
mysql.orchestra,hvo,hvo.med.harvard.edu,hvoweb,
mysql.orchestra,i2b2,www.i2b2.org,i2b2web,
mysql.orchestra,iccb,iccb.med.harvard.edu,iccbwpadm,
mysql.orchestra,idc,idc.hms.harvard.edu,idcadm,
mysql.orchestra,ieggate,?,?,?
mysql.orchestra,imid,imid.med.harvard.edu,imidweb,
mysql.orchestra,immgen,www.immgen.org,immgenweb,mysql.cl.med.harvard.edu
mysql.orchestra,immunology,immunology.hms.harvard.edu,"uid=hms-immunology,ou=applications,o=Harvard",hu-ldap-test.harvard.edu
mysql.orchestra,immvar,www.immvar.org,immvarweb,mysql.cl.med.harvard.edu
mysql.orchestra,informaticstraining,informaticstraining.hms.harvard.edu,inftrdpladm,mysql.cl.med.harvard.edu
mysql.orchestra,integrator,?,?,?
mysql.orchestra,internalalumnidirectory,internal-alumni-directory.hms.harvard.edu,intalumdiradm,
mysql.orchestra,internalautismconsortium,internal.autismconsortium.org,intacweb,
mysql.orchestra,internalcatalyst,internal.catalyst.harvard.edu,intcstdrpladm,
mysql.orchestra,internalcountway,internal.countway.harvard.edu,intcwdpladm,mysql.cl.med.harvard.edu
mysql.orchestra,intranetsysbio,?,?,?
mysql.orchestra,issuemakercatalyst,issuemaker.catalyst.harvard.edu,issmkcstadm,
mysql.orchestra,jirai2b2,jira.i2b2.org,jirai2b2adm,
mysql.orchestra,joshi,joshi.hms.harvard.edu,joshiadm,
mysql.orchestra,kestrel,?,?,?
mysql.orchestra,kiefflab,kiefflab.hms.harvard.edu,kiefflabadm,
mysql.orchestra,kirschner,?,?,?
mysql.orchestra,kirschner_superfamily,?,?,?
mysql.orchestra,kishony,kishony.med.harvard.edu,kishonyadm,
mysql.orchestra,klab_mz,kirschner.med.harvard.edu,klab_mzweb,
mysql.orchestra,kmholton,?,?,?
mysql.orchestra,lccb,lccb.hms.harvard.edu,lccbweb,
mysql.orchestra,lgbt,lgbt.hms.harvard.edu,lgbtwpadm,
mysql.orchestra,libraryofevidence,libraryofevidence.med.harvard.edu,libofevadm,
mysql.orchestra,lincs,lincs.hms.harvard.edu,lincsweb,pgsql.orchestra
mysql.orchestra,livingstone,livingstone.med.harvard.edu,lvngstoneadm,
mysql.orchestra,lmsa,lmsa.hms.harvard.edu,lmsaadm,
mysql.orchestra,lpm,lpm.hms.harvard.edu,lpmdrupaladm,
mysql.orchestra,lpmAIGK,?,?,?
mysql.orchestra,lrb,lrb.med.harvard.edu,lrbweb,
mysql.orchestra,lsf_log,?,?,?
mysql.orchestra,mRNATranslatabilityModeling,?,?,?
mysql.orchestra,mae,mae.hms.harvard.edu,maeweb,
mysql.orchestra,mami,mami.med.harvard.edu,mamiweb,
mysql.orchestra,marker,marker.hms.harvard.edu,markerweb,
mysql.orchestra,marks,?,?,?
mysql.orchestra,marks_chembl,?,?,?
mysql.orchestra,marks_dragon,?,?,?
mysql.orchestra,marks_drugtargets,?,?,?
mysql.orchestra,mcountway,m.countway.harvard.edu,mcountwyweb,
mysql.orchestra,medethics,medethics.med.harvard.edu,medethicsweb,
mysql.orchestra,medline,?,?,?
mysql.orchestra,medpeds,medpeds.hms.harvard.edu,medpedsadm,
mysql.orchestra,megason,megason.med.harvard.edu,megasonweb,
mysql.orchestra,mercury,?,?,?
mysql.orchestra,mercury2,mercury.med.harvard.edu,mercury2web,
mysql.orchestra,mfdp,mfdp.med.harvard.edu,mfdpadm,
mysql.orchestra,mghbwhid,mghbwhid.hms.harvard.edu,mghbwhidadm,
mysql.orchestra,mhlcountway,mhl.countway.harvard.edu,mhlcwyweb,
mysql.orchestra,microfluidics,microfluidics.hms.harvard.edu,microfldcsweb,
mysql.orchestra,mitchison,mitchison.med.harvard.edu,mitchisonweb,
mysql.orchestra,mobilehealthmap,www.mobilehealthmap.org,moblhmapadm,
mysql.orchestra,molmed,molmed.med.harvard.edu,molmedweb,
mysql.orchestra,mtbsummaries,?,?,?
mysql.orchestra,murray_cluster,?,?,?
mysql.orchestra,mydrug,mydrug.med.harvard.edu,mydrugweb,
mysql.orchestra,myhealthconnect,myhealthconnect.hms.harvard.edu,myhlthcadm,
mysql.orchestra,netdecoder,netdecoder.hms.harvard.edu,netdecoderweb,
mysql.orchestra,newcountway,?,?,?
mysql.orchestra,newscatalyst,news.catalyst.harvard.edu,nwsctlstwpadm,
mysql.orchestra,ngrid,www.n-grid.org,orchestra_n-grid,gal.med.harvard.edu
mysql.orchestra,nhpdata,nhpdata.med.harvard.edu,nhpdataweb,
mysql.orchestra,nif,nif.hms.harvard.edu,nifadm,
mysql.orchestra,npsych,?,?,?
mysql.orchestra,onekg,?,?,?
mysql.orchestra,openatriumcountway,openatrium.countway.harvard.edu,intcwdpladm,
mysql.orchestra,openproposals,open-proposals.hms.harvard.edu,openpropadm,
mysql.orchestra,opentech,opentech.hms.harvard.edu,opentechadm,
mysql.orchestra,orchestra,dev.storagereports.hms.harvard.edu,orchquotaread,
mysql.orchestra,osrpcom,osrp-com.hms.harvard.edu,osrpcomdpladm,
mysql.orchestra,parklabwikidbmi,parklabwiki.dbmi.hms.harvard.edu,pklbwkiadm,
mysql.orchestra,pasa,?,?,?
mysql.orchestra,pasa_cbdm,?,?,?
mysql.orchestra,pasteur,www.pasteur.harvard.edu,pasteurweb,
mysql.orchestra,patel,?,?,?
mysql.orchestra,patel_kb,?,?,?
mysql.orchestra,patel_nhanes,?,?,?
mysql.orchestra,patel_rpdr,?,?,?
mysql.orchestra,patel_seq,?,?,?
mysql.orchestra,pathcore,pathcore.hms.harvard.edu,pathcoreweb,pgsql.orchestra
mysql.orchestra,pathfindercatalyst,pathfinder.catalyst.harvard.edu,pthrailsadm,
mysql.orchestra,pathway,?,?,?
mysql.orchestra,pathwaymfk8,?,?,?
mysql.orchestra,pchri,www.pchri.org,pchriweb,
mysql.orchestra,peh,peh.harvard.edu,pehweb,
mysql.orchestra,pged,www.pged.org,pgedwpadm,
mysql.orchestra,phpmyadmin,?,?,?
mysql.orchestra,phsi,www.phsi.harvard.edu,phsiweb,
mysql.orchestra,picsure,www.pic-sure.org,orchestra_pic-sure,gal.med.harvard.edu
mysql.orchestra,pipeline,pipeline.med.harvard.edu,pipelinemwadm,
mysql.orchestra,piwik,rc.hms.harvard.edu,piwikweb,
mysql.orchestra,pmr,pmr.hms.harvard.edu,pmrweb,
mysql.orchestra,popupcontest,popupcontest.wyss.harvard.edu,popupcntstadm,
mysql.orchestra,previoushealth,previous.www.health.harvard.edu,prevhealthwpadm,
mysql.orchestra,prompt,prompt.hms.harvard.edu,promptadm,
mysql.orchestra,quota,?,?,?
mysql.orchestra,rc57,rc57.hms.harvard.edu,rc57web,
mysql.orchestra,rc_lmod,?,?,?
mysql.orchestra,rc_wp,?,?,?
mysql.orchestra,rcperldbd,?,?,?
mysql.orchestra,regan,regan.med.harvard.edu,reganweb,
mysql.orchestra,reich,?,?,?
mysql.orchestra,reich_adna_screening,?,?,?
mysql.orchestra,reich_cteam_construction,?,?,?
mysql.orchestra,reich_cteam_release_v0,?,?,?
mysql.orchestra,reich_cteam_release_v1,?,?,?
mysql.orchestra,reich_gtdb,?,?,?
mysql.orchestra,reich_seqdb,?,?,?
mysql.orchestra,repoopen,repo.open.med.harvard.edu,rpopncfladm,
mysql.orchestra,reportscatalyst,reports.catalyst.harvard.edu,rcrailsadm,
mysql.orchestra,robinhood_scratch1,?,?,?
mysql.orchestra,rodeo,?,?,?
mysql.orchestra,rodeoworkflow,?,?,?
mysql.orchestra,roundup_drupal,?,?,?
mysql.orchestra,rstatsimmgen,rstats.immgen.org,rsimmgenweb,
mysql.orchestra,safegene,safegene.hms.harvard.edu,safegeneweb,
mysql.orchestra,sb201,sb201.sysbio.med.harvard.edu,sb201wpadm,
mysql.orchestra,sb212,sb212.sysbio.med.harvard.edu,sb212wpadm,
mysql.orchestra,sbhd2016,www.sbhd2016.org,sbhd2016web,
mysql.orchestra,schedule,schedule.med.harvard.edu,scheduleweb,
mysql.orchestra,searchcatalyst,search.catalyst.harvard.edu,srchclstweb,
mysql.orchestra,searchcbmi,search.cbmi.med.harvard.edu,srchcbmiweb,
mysql.orchestra,seidman_medseq,?,?,?
mysql.orchestra,seidscript,seidman.med.harvard.edu,seidmanweb,
mysql.orchestra,selah_umls,?,?,?
mysql.orchestra,semanticbiology,www.semanticbiology.com,smtcbiodpladm,
mysql.orchestra,semanticcbmi,semantic.cbmi.med.harvard.edu,smntcweb,
mysql.orchestra,servicescatalyst,services.catalyst.harvard.edu,scrailsadm,
mysql.orchestra,shah,?,?,?
mysql.orchestra,shield,shield.hms.harvard.edu,shieldweb,
mysql.orchestra,shrinecatalyst,shrine.catalyst.harvard.edu,shrctlstweb,
mysql.orchestra,silver,silver.med.harvard.edu,silveradm,
mysql.orchestra,simulation,simulation.hms.harvard.edu,simultnwpadm,
mysql.orchestra,singlecellnetwork,www.singlecellnetwork.org,snglclnkadm,
mysql.orchestra,sleep,sleeparchive.med.harvard.edu,sleepweb,
mysql.orchestra,soco,soco.med.harvard.edu,socoadm,
mysql.orchestra,sorger,sorger.med.harvard.edu,sorgerweb,
mysql.orchestra,springer,springer.hms.harvard.edu,springerwpadm,
mysql.orchestra,sql_class,?,?,?
mysql.orchestra,stageincitehealth,stage.incitehealth.hms.harvard.edu,stageincthlthadm,stage.mysql.orchestra
mysql.orchestra,sts,sts.med.harvard.edu,stsweb,
mysql.orchestra,studentcouncil,studentcouncil.hms.harvard.edu,studentcnlweb,
mysql.orchestra,su2c,su2c.hms.harvard.edu,su2cwpadm,
mysql.orchestra,systemsbioconference,www.systemsbioconference.org,sysbioconfweb,
mysql.orchestra,tb_trans,?,?,?
mysql.orchestra,testbackup,?,?,?
mysql.orchestra,testissuemakercatalyst,test.issuemaker.catalyst.harvard.edu,testissmkcstadm,dev.mysql.orchestra
mysql.orchestra,testritg,?,?,?
mysql.orchestra,toolsautworks,tools.autworks.hms.harvard.edu,tawrailsadm,mysql.cl.med.harvard.edu
mysql.orchestra,train08,?,?,?
mysql.orchestra,trainingcbmi,training.cbmi.med.harvard.edu,trngcbmiadm,
mysql.orchestra,translocalt,transloc-alt.hms.harvard.edu,trnslcrailadm,
mysql.orchestra,translocatome,?,?,?
mysql.orchestra,trending,trending.med.harvard.edu,trendingweb,
mysql.orchestra,umls2008,stage.cbmi.med.harvard.edu,stagecbmiweb,stage.mysql.orchestra
mysql.orchestra,umls2011,?,?,?
mysql.orchestra,usagecountway,usage.countway.harvard.edu,usagecwyweb,
mysql.orchestra,vidautworks,vid.autworks.hms.harvard.edu,vidautwweb,mysql.cl.med.harvard.edu
mysql.orchestra,vpscbmi,vps.cbmi.med.harvard.edu,vpscbmiweb,
mysql.orchestra,wall,wall.hms.harvard.edu,walldrupaladm,
mysql.orchestra,walsh,?,?,?
mysql.orchestra,wanner,wanner.hms.harvard.edu,wanneradm,
mysql.orchestra,wgsmtb,?,?,?
mysql.orchestra,wikii2b2,wiki.i2b2.org,wkii2b2cfladm,
mysql.orchestra,wyss,wyss.harvard.edu,wyssweb,
mysql.orchestra,xenopus,?,?,?
mysql.orchestra,yaolab,yaolab.hms.harvard.edu,yaolabweb,
mysql.orchestra,yin,yin.hms.harvard.edu,yinmwadm,
mysql.orchestra,youngpearse,?,?,?
mysql.orchestra,zamboni,?,?,?
mysql.orchestra,zavras,zavras.hsdm.harvard.edu,zavrasweb,
pgsql.orchestra,oshernatprod,?,?,?
pgsql.orchestra,galaxy,galaxy.hms.harvard.edu,galaxyweb,
pgsql.orchestra,arraycollector,arraycollector.hms.harvard.edu,arraycollectorweb,
pgsql.orchestra,mouse2,mouse2.hms.harvard.edu,mouse2web,
pgsql.orchestra,omero,?,?,?
pgsql.orchestra,cbdm,cbdm.hms.harvard.edu,cbdmweb,
pgsql.orchestra,cmea,cmea.hms.harvard.edu,cmeaweb,
pgsql.orchestra,decanalarchives,decanalarchives.repository.countway.harvard.edu,decanalarchivesweb,
pgsql.orchestra,gmod,?,?,?
pgsql.orchestra,gopharmacoresponse,gopharmacoresponse.hms.harvard.edu,gopharmacoresponseweb,
pgsql.orchestra,demoscreensaver,demo.screensaver.med.harvard.edu,demoscreensaverweb,
pgsql.orchestra,hvo,hvo.med.harvard.edu,hvoweb,mysql.orchestra
pgsql.orchestra,immgen,www.immgen.org,immgenweb,mysql.cl.med.harvard.edu
pgsql.orchestra,hugenalysis,hugenalysis.hms.harvard.edu,hugenalysisweb,
pgsql.orchestra,pharmacoresponse,pharmacoresponse.hms.harvard.edu,pharmacoresponseweb,
pgsql.orchestra,repositorycountway,repository.countway.harvard.edu,repositorycountwayweb,
pgsql.orchestra,screensaver,screensaver.med.harvard.edu,screensaverweb,
pgsql.orchestra,screendb,screendb.med.harvard.edu,screendbweb,
pgsql.orchestra,testlabgalaxy,?,?,?
pgsql.orchestra,string,?,?,?
pgsql.orchestra,jedi,jedi.hms.harvard.edu,jediweb,
pgsql.orchestra,refinery,?,?,?
pgsql.orchestra,refinerygalaxy,refinery.med.harvard.edu,refinerygalaxyweb,
pgsql.orchestra,pandolfi_clipseq,?,?,?
pgsql.orchestra,lincs,lincs.hms.harvard.edu,lincsweb,
pgsql.orchestra,genehawk,genehawk.hms.harvard.edu,genehawkweb,
pgsql.orchestra,parkgalaxy,?,?,?
pgsql.orchestra,parkrefinery,?,?,?
pgsql.orchestra,pj51,?,?,?
pgsql.orchestra,chembl_22_1,?,?,?
pgsql.orchestra,chembl_23,?,?,?
pgsql.orchestra,bp85_test,?,?,?
pgsql.orchestra,chembl_24,?,?,?
pgsql.orchestra,pathcore,pathcore.hms.harvard.edu,pathcoreweb,
pgsql.orchestra,testbackup,?,?,?
pgsql96.orchestra,screensaver,screensaver.med.harvard.edu,screensaverweb,pgsql.orchestra
pgsql96.orchestra,bp85,?,?,?
pgsql96.orchestra,dmf2496,?,?,?
pgsql96.orchestra,demoscreensaver,demo.screensaver.med.harvard.edu,demoscreensaverweb,pgsql.orchestra
pgsql96.orchestra,evfold_production,?,?,?
pgsql96.orchestra,chembl_24,?,?,?
pgsql96.orchestra,chembl_25,?,?,?
pgsql96.orchestra,adna2,?,?,?
pgsql96.orchestra,testbackup,?,?,?
pgsql96.orchestra,reagenttracker,?,?,?
prod.a.o2mariadb,bioplex_alphafold,?,?,?
prod.a.o2mariadb,dmf24test1,?,?,?
prod.a.o2mariadb,endomap,?,?,?
prod.a.o2mariadb,nhpdata,nhpdata.med.harvard.edu,nhpdataweb,mysql.orchestra
prod.a.o2mariadb,performance_schema,?,?,?
prod.a.o2mariadb,test,?,?,?
reich-db-dev01,devcromwellcc,?,?,?
rt.pgsql.orchestra,rt4,?,?,?
stage.mysql.orchestra,devevlcatalyst,dev.evl.catalyst.harvard.edu,devevlctlstadm,dev.mysql.orchestra
stage.mysql.orchestra,nhpdata,nhpdata.med.harvard.edu,nhpdataweb,mysql.orchestra
stage.mysql.orchestra,phpmyadmin,?,?,?
stage.mysql.orchestra,qaapplycatalyst,qa.apply.catalyst.harvard.edu,qaapyrailsadm,
stage.mysql.orchestra,qastagegrantscatalyst,qa.stage.grants.catalyst.harvard.edu,qastggtsctlstweb,
stage.mysql.orchestra,stageapplycatalyst,stage.apply.catalyst.harvard.edu,stageapyrailsadm,
stage.mysql.orchestra,stageart,stage.art.hms.harvard.edu,stageartadm,
stage.mysql.orchestra,stageautismconsortium,stage.www.autismconsortium.org,stageautismweb,
stage.mysql.orchestra,stageautworks,stage.autworks.hms.harvard.edu,stageawkrailsadm,
stage.mysql.orchestra,stagecatalyst,stage.catalyst.harvard.edu,orchestra_catalyst,gal.med.harvard.edu
stage.mysql.orchestra,stagecbmi,?,?,?
stage.mysql.orchestra,stagecbmicatalyst,stage.cbmi.catalyst.harvard.edu,orchestra_catalyst,gal.med.harvard.edu
stage.mysql.orchestra,stagecede,?,?,?
stage.mysql.orchestra,stageciopen,stage.ci.open.med.harvard.edu,stageciopncfladm,
stage.mysql.orchestra,stagecivicrmcountway,stage.civicrm.countway.harvard.edu,stagecvrcwdpladm,
stage.mysql.orchestra,stageclarity,stage.clarity.hms.harvard.edu,stageclrtydpladm,
stage.mysql.orchestra,stagecmerss,stage.cme-rss.hms.harvard.edu,stagecmersdpladm,
stage.mysql.orchestra,stagecmscatalyst,stage.cms.catalyst.harvard.edu,stagecmsctrlsadm,
stage.mysql.orchestra,stagecmscountway,stage.cms.www.countway.harvard.edu,stagecmscwwpadm,
stage.mysql.orchestra,stagecollectionscountway,stage.collections.countway.harvard.edu,stagecollcwyadm,
stage.mysql.orchestra,stagecombocbmi,stage.combo.cbmi.med.harvard.edu,stagecmbcbmiweb,
stage.mysql.orchestra,stagecoms,stage.coms.hms.harvard.edu,stagecomsdpladm,
stage.mysql.orchestra,stageconnecttoresearch,stage.www.connecttoresearch.org,stagectrrailsadm,
stage.mysql.orchestra,stagecontributioncountway,stage.contribution.countway.harvard.edu,stagecntrcwyadm,
stage.mysql.orchestra,stagecountway,stage.www.countway.harvard.edu,hms-countway,hu-ldap.harvard.edu
stage.mysql.orchestra,stagedbmi,stage.dbmi.hms.harvard.edu,stagedbmiadm,
stage.mysql.orchestra,stagedistinguishedawards,stage.distinguishedawards.hms.harvard.edu,stagedstawdpladm,
stage.mysql.orchestra,stageevlcatalyst,stage.evl.catalyst.harvard.edu,stageevlctlstadm,
stage.mysql.orchestra,stageforums,stage.forums.hms.harvard.edu,stageforumsweb,
stage.mysql.orchestra,stagegrantscatalyst,stage.grants.catalyst.harvard.edu,stagegtsctlstweb,
stage.mysql.orchestra,stageharvardmedvane,stage.harvard.medvane.org,stagehmvrailsadm,
stage.mysql.orchestra,stagehcpdua,stage.hcp-dua.hms.harvard.edu,stagehcpduadladm,
stage.mysql.orchestra,stagehms,stage.hms.harvard.edu,stagehmsdpladm,
stage.mysql.orchestra,stagehsci,stage.www.hsci.harvard.edu,stagehsciadm,
stage.mysql.orchestra,stagei2b2,stage.www.i2b2.org,stagei2b2web,
stage.mysql.orchestra,stageimmunology,stage.immunology.hms.harvard.edu,"uid=hms-immunology,ou=applications,o=Harvard",hu-ldap-test.harvard.edu
stage.mysql.orchestra,stageincitehealth,stage.incitehealth.hms.harvard.edu,stageincthlthadm,
stage.mysql.orchestra,stageinformaticstraining,stage.informaticstraining.hms.harvard.edu,stageinftrdpladm,
stage.mysql.orchestra,stageinternalcountway,stage.internal.countway.harvard.edu,stageintcwdpladm,
stage.mysql.orchestra,stageissuemakercatalyst,stage.issuemaker.catalyst.harvard.edu,stageissmkcstadm,
stage.mysql.orchestra,stagelibraryofevidence,stage.libraryofevidence.med.harvard.edu,stagelibofevadm,
stage.mysql.orchestra,stagelincs,stage.lincs.hms.harvard.edu,stagelincsweb,stage.pgsql.orchestra
stage.mysql.orchestra,stagemcountway,stage.m.countway.harvard.edu,stagemcountwyweb,
stage.mysql.orchestra,stagemfdp,?,?,?
stage.mysql.orchestra,stagemobilehealthmap,stage.www.mobilehealthmap.org,stagemoblhmapadm,
stage.mysql.orchestra,stagemyhealthconnect,stage.myhealthconnect.hms.harvard.edu,stagemyhlthcadm,
stage.mysql.orchestra,stagenewcountway,?,?,?
stage.mysql.orchestra,stagengrid,stage.www.n-grid.org,orchestra_n-grid,gal.med.harvard.edu
stage.mysql.orchestra,stagenhpdata,stage.nhpdata.med.harvard.edu,stagenhpdataweb,
stage.mysql.orchestra,stageopenatriumcountway,stage.openatrium.countway.harvard.edu,stageintcwdpladm,
stage.mysql.orchestra,stageopenproposals,stage.open-proposals.hms.harvard.edu,stageopenpropadm,
stage.mysql.orchestra,stageosrpcom,stage.osrp-com.hms.harvard.edu,stageosrpcdpladm,
stage.mysql.orchestra,stageparklabwikidbmi,stage.parklabwiki.dbmi.hms.harvard.edu,stagepklbwkiadm,
stage.mysql.orchestra,stagepathfindercatalyst,stage.pathfinder.catalyst.harvard.edu,stagepthrailsadm,
stage.mysql.orchestra,stagepicsure,stage.www.pic-sure.org,orchestra_pic-sure,gal.med.harvard.edu
stage.mysql.orchestra,stageprimarycare,stage.primarycare.hms.harvard.edu,stageprycrdpladm,
stage.mysql.orchestra,stageprompt,stage.prompt.hms.harvard.edu,stagepromptadm,
stage.mysql.orchestra,stagerepoopen,stage.repo.open.med.harvard.edu,stagerpopncfladm,
stage.mysql.orchestra,stagereportscatalyst,stage.reports.catalyst.harvard.edu,stagercrailsadm,
stage.mysql.orchestra,stagescrb,stage.www.scrb.harvard.edu,stagescrbweb,
stage.mysql.orchestra,stagesearchcatalyst,stage.search.catalyst.harvard.edu,stagesrchclstweb,
stage.mysql.orchestra,stagesearchcbmi,stage.search.cbmi.med.harvard.edu,stagesrchcbmiweb,
stage.mysql.orchestra,stagesemanticcbmi,stage.semantic.cbmi.med.harvard.edu,stagesmntcweb,
stage.mysql.orchestra,stageservicescatalyst,stage.services.catalyst.harvard.edu,stagescrailsadm,
stage.mysql.orchestra,stageshrinecatalyst,stage.shrine.catalyst.harvard.edu,stageshrctlstweb,
stage.mysql.orchestra,stagesinglecellnetwork,stage.www.singlecellnetwork.org,stagesnglclnkadm,
stage.mysql.orchestra,stagetestapplycatalyst,stage.test.apply.catalyst.harvard.edu,stagetestapplweb,
stage.mysql.orchestra,stagetoolsautworks,stage.tools.autworks.hms.harvard.edu,stagetawrailsadm,
stage.mysql.orchestra,stagetrainingcbmi,stage.training.cbmi.med.harvard.edu,stagetrngcbmiadm,
stage.mysql.orchestra,stagevidautworks,stage.vid.autworks.hms.harvard.edu,stagevidautwweb,
stage.mysql.orchestra,stagevpscbmi,stage.vps.cbmi.med.harvard.edu,stagevpscbmiweb,
stage.mysql.orchestra,stagewyss,stage.wyss.harvard.edu,stagewyssweb,
stage.pgsql.orchestra,stagegopharmacoresponse,stage.gopharmacoresponse.hms.harvard.edu,stagegopharmacoresponseweb,
stage.pgsql.orchestra,stageimmgen,stage.www.immgen.org,stageimmgenweb,
stage.pgsql.orchestra,stageoshernatprod,?,?,?
stage.pgsql.orchestra,stagepharmacoresponse,stage.pharmacoresponse.hms.harvard.edu,stagepharmacoresponseweb,
stage.pgsql.orchestra,stagescreensaver,stage.screensaver.med.harvard.edu,stagescreensaverweb,
stage.pgsql.orchestra,stagelincs,stage.lincs.hms.harvard.edu,stagelincsweb,
stage.pgsql.orchestra,bp85_test,?,?,?
stage.pgsql.orchestra,stagepathcore,stage.pathcore.hms.harvard.edu,stagepathcoreweb,
